{"cameraMode":{"drawMode":0,"name":"Shaded","section":"Shading Mode"},"sceneLighting":true,"audioPlay":false,"sceneViewState":{"showFog":true,"showMaterialUpdate":false,"showSkybox":true,"showFlares":true,"showImageEffects":true,"showParticleSystems":true},"in2DMode":false,"pivot":{"x":2.547273635864258,"y":1.218597173690796,"z":-0.39986228942871096},"rotation":{"x":-0.08098219335079193,"y":0.9037637114524841,"z":-0.19717936217784882,"w":-0.3711785674095154},"size":3.895494222640991,"orthographic":false}